timestamp,category,label,level,bucket,status,matched,command,result,description
2026-02-01 10:54:04,ADB SECURITY,ADB Keys Present,warning,warning,WARNING,False,[ -d /data/misc/adb ] && ls /data/misc/adb/*.pub 2>/dev/null | wc -l || echo 0,0,ADB authorized keys should exist for trusted connections
2026-02-01 10:54:04,ADB TRUST,ADB TCP Port Exposed,safe,info,SAFE,True,getprop service.adb.tcp.port,,Should be empty or disabled; non-default = risk
2026-02-01 10:54:04,ADDITIONAL SECURITY,Play Protect,warning,info,SAFE,True,settings get secure package_verifier_enable 2>/dev/null,null,Play Protect should be enabled
2026-02-01 10:54:04,ADDITIONAL SECURITY,Security Patch Level,critical,critical,CRITICAL,False,"PATCH_DATE=$(getprop ro.build.version.security_patch 2>/dev/null); if [ -z ""$PATCH_DATE"" ]; then echo 'UNKNOWN'; exit 1; fi; PATCH_EPOCH=$(date -d ""$PATCH_DATE"" +%s 2>/dev/null || echo 0); CURRENT_EPOCH=$(date +%s); DAYS_OLD=$(( ($CURRENT_EPOCH - $PATCH_EPOCH) / 86400 )); if [ $DAYS_OLD -lt 90 ]; then echo ""RECENT: $PATCH_DATE ($DAYS_OLD days old)""; else echo ""OUTDATED: $PATCH_DATE ($DAYS_OLD days old)""; fi",OUTDATED: 2024-03-01 (702 days old),Security patch must be less than 90 days old
2026-02-01 10:54:04,ADDITIONAL SECURITY,Keyguard Timeout,info,info,SAFE,True,settings get secure lock_screen_lock_after_timeout 2>/dev/null,5000,Time delay before screen locks
2026-02-01 10:54:04,ADDITIONAL SECURITY,Third-Party App Stores,warning,info,SAFE,True,pm list packages 2>/dev/null | grep -E 'amazon|aptoide|getjar',,Avoid non-Google app stores
2026-02-01 10:54:05,ADDITIONAL SECURITY,User-installed Apps,info,info,SAFE,True,pm list packages -3 2>/dev/null | wc -l,47,Check how many user apps installed
2026-02-01 10:54:05,ADDITIONAL SECURITY,Logcat Access,critical,info,SAFE,True,getprop ro.debuggable 2>/dev/null,0,Only system should access logs
2026-02-01 10:54:05,ADDITIONAL SECURITY,Unusual Files in /sdcard/,warning,warning,WARNING,False,ls /sdcard/ 2>/dev/null | grep -Ei '(key|creds|dump|log|backup)',"dump.pcap
tcpdump",Sensitive files in user-accessible storage
2026-02-01 10:54:05,ADDITIONAL SECURITY,Wi-Fi SSID,info,info,INFO,False,dumpsys netstats 2>/dev/null | grep -i 'iface=wlan0',,Shows current Wi-Fi network
2026-02-01 10:54:05,ADDITIONAL SECURITY,Zygote Process Check,critical,info,SAFE,True,ps 2>/dev/null | grep zygote,"root           864     1 6594940 110812 0                   0 S zygote64
root           865     1 1820636  29648 0                   0 S zygote
webview_zygote 2120  864 31698232 74148 0                   0 S webview_zygote",Zygote process is core to Android app lifecycle
2026-02-01 10:54:05,APP & SYSTEM INTEGRITY,AppOps: private-data access,safe,info,SAFE,True,dumpsys appops | grep -E 'READ_EXTERNAL_STORAGE|ACCESS_FINE_LOCATION',"Op READ_EXTERNAL_STORAGE:
      #1: ModeCallback{a3313cf watchinguid=-1 flags=0x0 op=READ_EXTERNAL_STORAGE from uid=u0a227 pid=5079}
      #1: ModeCallback{a3313cf watchinguid=-1 flags=0x0 op=READ_EXTERNAL_STORAGE from uid=u0a227 pid=5079}
      #1: ModeCallback{a3313cf watchinguid=-1 flags=0x0 op=READ_EXTERNAL_STORAGE from uid=u0a227 pid=5079}
      #1: ModeCallback{a3313cf watchinguid=-1 flags=0x0 op=READ_EXTERNAL_STORAGE from uid=u0a227 pid=5079}
      #0: ModeCallback{a3313cf watchinguid=-1 flags=0x0 op=READ_EXTERNAL_STORAGE from uid=u0a227 pid=5079}
      #1: ModeCallback{a3313cf watchinguid=-1 flags=0x0 op=READ_EXTERNAL_STORAGE from uid=u0a227 pid=5079}
      #0: ModeCallback{a3313cf watchinguid=-1 flags=0x0 op=READ_EXTERNAL_STORAGE from uid=u0a227 pid=5079}
      #1: ModeCallback{a3313cf watchinguid=-1 flags=0x0 op=READ_EXTERNAL_STORAGE from uid=u0a227 pid=5079}
      #1: ModeCallback{a3313cf watchinguid=-1 flags=0x0 op=READ_EXTERNAL_STORAGE from uid=u0a227 pid=5079}
      #1: ModeCallback{a3313cf watchinguid=-1 flags=0x0 op=READ_EXTERNAL_STORAGE from uid=u0a227 pid=5079}
      #0: ModeCallback{a3313cf watchinguid=-1 flags=0x0 op=READ_EXTERNAL_STORAGE from uid=u0a227 pid=5079}
    8647c2e: ModeCallback{a3313cf watchinguid=-1 flags=0x0 op=READ_EXTERNAL_STORAGE from uid=u0a227 pid=5079}
      READ_EXTERNAL_STORAGE: mode=ignore
      READ_EXTERNAL_STORAGE: mode=ignore
      READ_EXTERNAL_STORAGE: mode=ignore
      READ_EXTERNAL_STORAGE: mode=ignore
      READ_EXTERNAL_STORAGE: mode=ignore
      READ_EXTERNAL_STORAGE: mode=ignore
      READ_EXTERNAL_STORAGE: mode=ignore
      READ_EXTERNAL_STORAGE: mode=ignore
      READ_EXTERNAL_STORAGE: mode=ignore
      READ_EXTERNAL_STORAGE: mode=ignore
      READ_EXTERNAL_STORAGE: mode=ignore
      READ_EXTERNAL_STORAGE: mode=ignore
      READ_EXTERNAL_STORAGE: mode=ignore
      READ_EXTERNAL_STORAGE: mode=ignore
      READ_EXTERNAL_STORAGE: mode=ignore
      READ_EXTERNAL_STORAGE: mode=ignore
      READ_EXTERNAL_STORAGE: mode=ignore
      READ_EXTERNAL_STORAGE: mode=ignore
      READ_EXTERNAL_STORAGE: mode=ignore
      READ_EXTERNAL_STORAGE: mode=ignore
      READ_EXTERNAL_STORAGE: mode=ignore
      READ_EXTERNAL_STORAGE: mode=ignore
      READ_EXTERNAL_STORAGE: mode=ignore
      READ_EXTERNAL_STORAGE: mode=ignore
      READ_EXTERNAL_STORAGE: mode=ignore
      READ_EXTERNAL_STORAGE: mode=ignore
      READ_EXTERNAL_STORAGE: mode=ignore
      READ_EXTERNAL_STORAGE: mode=ignore
      READ_EXTERNAL_STORAGE: mode=ignore
      READ_EXTERNAL_STORAGE: mode=ignore
      READ_EXTERNAL_STORAGE: mode=ignore
      READ_EXTERNAL_STORAGE: mode=ignore
      READ_EXTERNAL_STORAGE: mode=ignore
      READ_EXTERNAL_STORAGE: mode=ignore
      READ_EXTERNAL_STORAGE: mode=ignore
      READ_EXTERNAL_STORAGE: mode=ignore
      READ_EXTERNAL_STORAGE: mode=ignore
      READ_EXTERNAL_STORAGE: mode=ignore
      READ_EXTERNAL_STORAGE: mode=ignore
      READ_EXTERNAL_STORAGE: mode=ignore
      READ_EXTERNAL_STORAGE: mode=ignore
      READ_EXTERNAL_STORAGE: mode=ignore
      READ_EXTERNAL_STORAGE: mode=ignore
      READ_EXTERNAL_STORAGE: mode=ignore
      READ_EXTERNAL_STORAGE (allow): 
      READ_EXTERNAL_STORAGE: mode=ignore
      READ_EXTERNAL_STORAGE (allow): 
      READ_EXTERNAL_STORAGE: mode=ignore
      READ_EXTERNAL_STORAGE: mode=ignore
      READ_EXTERNAL_STORAGE: mode=ignore
      READ_EXTERNAL_STORAGE: mode=ignore",Monitor unexpected accesses to sensitive data
2026-02-01 10:54:05,APP & SYSTEM INTEGRITY,Security Tools Detected,warning,info,SAFE,True,pm list packages | grep -E 'org.mobsf|com.offsec.nethunter|de.robv.android.xposed',,Pentest frameworks or hacking tools found
2026-02-01 10:54:05,APP & SYSTEM INTEGRITY,Custom CAs Installed,warning,warning,WARNING,False,ls /data/misc/user/0/cacerts-added/ | wc -l,"0

ls: /data/misc/user/0/cacerts-added/: Permission denied",Custom certs may bypass pinning
2026-02-01 10:54:05,APP & SYSTEM INTEGRITY,APK Signature Path Check,info,info,SAFE,True,pm list packages -f | grep .apk | head -n 1,package:/system/priv-app/ImsLogger/ImsLogger.apk=com.sec.imslogger,Checks for valid APK path info
2026-02-01 10:54:05,APPS,Suspicious APK Names,critical,critical,CRITICAL,False,pm list packages | grep -Ei 'hacker|spy|monitor|remote|keylog|shell',package:com.android.shell,Packages with suspicious names
2026-02-01 10:54:06,APPS,Debuggable Apps (Strict),critical,critical,CRITICAL,False,pm list packages -d | grep -v 'com.android',"package:com.netflix.mediaclient
package:com.sec.android.app.fm
package:com.google.android.apps.photos
package:ai.perplexity.app.android
package:com.samsung.android.themestore
package:com.mygalaxy
package:com.google.android.apps.docs
package:com.withsecure.dz
package:tech.httptoolkit.android.v1
package:com.macdom.ble.blescanner
package:com.magicpin.local
package:com.crestron.device_assistant
package:com.crestron.blackbird.mobile
package:com.molink.john.hummingbird
package:eu.faircode.netguard
package:com.opera.max.oem
package:com.openai.chatgpt
package:com.kraph.bledevice
package:com.google.android.documentsui
package:com.crestron.airmedia
package:com.samsung.android.app.spage
package:com.rfidresearchgroup.rfidtools
package:com.samsung.ecomm.global.in
package:com.google.android.apps.maps
package:com.joeykrim.rootcheck
package:com.google.android.youtube
package:waterwala.com.prime
package:com.microsoft.skydrive
package:com.google.android.gms.supervision
package:com.tgelec.setracker
package:com.alorferi.nfc_rw",No non-system apps should be debuggable
2026-02-01 10:54:07,APPS,APK Signature Verification,critical,critical,CRITICAL,False,dumpsys package verification | grep 'verified=true',,APK signatures must be verified
2026-02-01 10:54:07,APPS,Dynamic Code Loading,warning,warning,WARNING,False,pm list packages | grep -E 'dexopt|dynamic',package:com.samsung.android.dynamiclock,Apps should not use dynamic code loading (security risk)
2026-02-01 10:54:07,APPS & RUNTIME,Root Access (su),critical,critical,CRITICAL,False,which su,/system_ext/bin/su,Check for root binaries
2026-02-01 10:54:07,APPS & RUNTIME,Debuggable Apps,warning,warning,WARNING,False,pm list packages -d | wc -l,31,Debuggable apps should be 0
2026-02-01 10:54:07,APPS & RUNTIME,Accessibility Services,warning,info,SAFE,True,settings get secure enabled_accessibility_services,,Keylogging/clickjacking risk
2026-02-01 10:54:08,APPS & RUNTIME,Running Services Count,info,info,SAFE,True,dumpsys activity services | grep -E 'package|process' | wc -l,323,Running services on device
2026-02-01 10:54:08,APPS & RUNTIME,Frida Detected,critical,info,SAFE,True,pm list packages | grep frida,,Frida binary indicates runtime manipulation
2026-02-01 10:54:08,APPS & RUNTIME,Magisk Detected,critical,critical,CRITICAL,False,pm list packages | grep magisk,package:com.topjohnwu.magisk,Magisk can hide root access
2026-02-01 10:54:08,APPS & RUNTIME,Xposed Framework,critical,info,SAFE,True,pm list packages | grep xposed,,Xposed framework enables deep system tweaks
2026-02-01 10:54:08,APPS & RUNTIME,Unapproved APKs in /data/local/tmp,warning,info,SAFE,True,"find /data/local/tmp -name ""*.apk"" 2>/dev/null | wc -l",0,Unauthorized sideloading or testing APKs
2026-02-01 10:54:08,AVB,Verified Boot State,critical,critical,CRITICAL,False,getprop ro.boot.verifiedbootstate,orange,AVB verifiedbootstate must be green
2026-02-01 10:54:08,AVB,vbmeta Device State,critical,critical,CRITICAL,False,getprop ro.boot.vbmeta.device_state,unlocked,vbmeta device_state must be locked
2026-02-01 10:54:08,AVB,AVB Version Present,info,info,SAFE,True,getprop ro.boot.avb_version,1.2,AVB version should be present
2026-02-01 10:54:08,AVB,avbctl Present,info,info,INFO,False,command -v avbctl >/dev/null 2>&1 && echo present || echo absent,absent,avbctl binary available for rollback checks
2026-02-01 10:54:08,AVB,Rollback Index (slot 0) > 0,high,high,HIGH,False,command -v avbctl >/dev/null 2>&1 && avbctl get-rollback-index 0 2>/dev/null | awk '{print $NF}' || echo 0,0,Anti-rollback index should be > 0 (slot 0)
2026-02-01 10:54:08,AVB,Rollback Index (slot 1) > 0,high,high,HIGH,False,command -v avbctl >/dev/null 2>&1 && avbctl get-rollback-index 1 2>/dev/null | awk '{print $NF}' || echo 0,0,Anti-rollback index should be > 0 (slot 1)
2026-02-01 10:54:08,BACKUP SECURITY,ADB Backup Enabled,warning,info,SAFE,True,settings get secure backup_enabled,0,ADB backup can extract app data - disable if not needed
2026-02-01 10:54:08,BACKUP SECURITY,Auto Backup Service,info,info,SAFE,True,dumpsys backup 2>/dev/null | grep 'Auto-restore',Auto-restore is enabled,Auto backup service status
2026-02-01 10:54:08,BACKUP SECURITY,Google Backup Transport,info,info,SAFE,True,dumpsys backup 2>/dev/null | grep -i 'transport' | head -1,Transport whitelist:,Cloud backup transport configuration
2026-02-01 10:54:08,BACKUP SECURITY,Backup Manager Enabled,info,info,SAFE,True,pm list packages -d | grep com.android.providers.backup,,Backup provider package status
2026-02-01 10:54:08,BACKUP SECURITY,Local Backup Encryption,info,info,SAFE,True,settings get secure backup_local_transport_parameters 2>/dev/null,null,Local backup encryption parameters
2026-02-01 10:54:08,BIOMETRICS,Fingerprint Hardware,info,info,SAFE,True,pm list features | grep android.hardware.fingerprint,feature:android.hardware.fingerprint,Fingerprint hardware availability
2026-02-01 10:54:08,BIOMETRICS,Fingerprint Enrolled,info,info,SAFE,True,dumpsys fingerprint 2>/dev/null | grep -i 'enrolled' | head -1,,Fingerprint enrollment status
2026-02-01 10:54:08,BIOMETRICS,Face Unlock Enabled,warning,info,SAFE,True,settings get secure face_unlock_enabled 2>/dev/null,null,Face unlock may be less secure than fingerprint/PIN
2026-02-01 10:54:09,BIOMETRICS,Auto-Lock After Biometric,info,info,SAFE,True,settings get secure lock_screen_lock_after_timeout,5000,Time before requiring re-authentication after biometric unlock
2026-02-01 10:54:09,BIOMETRICS,Smart Lock (Trust Agents),warning,warning,WARNING,False,settings get secure trust_agents_initialized,1,Smart Lock reduces security by keeping device unlocked
2026-02-01 10:54:09,BIOMETRICS,Biometric Strong Auth Required,info,info,INFO,False,settings get secure biometric_strong_auth_timeout_sec 2>/dev/null,null,Timeout requiring strong authentication (PIN/password)
2026-02-01 10:54:09,BIOMETRICS,Lockdown Mode Available,info,info,INFO,False,settings get secure lockdown_in_power_menu 2>/dev/null,null,Lockdown mode should be enabled in power menu
2026-02-01 10:54:09,BLUETOOTH,Bluetooth Enabled,warning,warning,WARNING,False,settings get global bluetooth_on,1,NIST recommends disabling Bluetooth when not in use (SC-8)
2026-02-01 10:54:09,BLUETOOTH,Discoverable Mode,critical,critical,CRITICAL,False,settings get global bluetooth_discoverability,null,Device should not be discoverable (AC-18)
2026-02-01 10:54:09,BLUETOOTH,Secure Pairing Mode,critical,critical,CRITICAL,False,dumpsys bluetooth_manager | grep 'Pairing mode:',,Only secure pairing modes should be allowed (NIST IA-2)
2026-02-01 10:54:09,BLUETOOTH,Bluetooth Encryption,critical,critical,CRITICAL,False,dumpsys bluetooth_manager | grep 'Encryption:',,Bluetooth encryption must be enabled (SC-13)
2026-02-01 10:54:09,BLUETOOTH,Authentication Required,critical,critical,CRITICAL,False,dumpsys bluetooth_manager | grep 'Authentication:',,Authentication must be required for pairing (IA-2)
2026-02-01 10:54:09,BLUETOOTH,BT MAC Randomization,warning,warning,WARNING,False,settings get secure bluetooth_address | grep -E '([0-9A-F]{2}:){5}[0-9A-F]{2}',F0:65:AE:50:30:3F,Static MAC addresses should be avoided (SC-8(1))
2026-02-01 10:54:10,BLUETOOTH,Paired Devices Count,warning,info,SAFE,True,dumpsys bluetooth_manager | grep 'Bonded devices:' -A 10 | grep 'Device:' | wc -l,0,Review all paired devices (AC-3)
2026-02-01 10:54:10,BLUETOOTH,HCI Snoop Logging,info,info,INFO,False,settings get secure bluetooth_hci_log,null,HCI logging should be disabled in production (AU-12)
2026-02-01 10:54:10,BLUETOOTH,Unnecessary Profiles,warning,warning,WARNING,False,dumpsys bluetooth_manager | grep 'Profile:' | grep -vE 'A2DP|HFP|HSP',"Profile: GattService
Profile: A2dpService
Profile: AvrcpTargetService:
Profile: HeadsetService
Profile: HidDeviceService
Profile: HidHostService
Profile: BluetoothMapService
Profile: BluetoothOppService
Profile: PanService
Profile: BluetoothPbapService
Profile: SapService",Disable unused profiles (CM-7)
2026-02-01 10:54:10,BLUETOOTH,LE Security Mode,critical,critical,CRITICAL,False,dumpsys bluetooth_manager | grep 'LE Security Mode:',,LE should use Mode 2 (Secure Connections) or higher (SC-13)
2026-02-01 10:54:10,BLUETOOTH,Bluetooth Version,info,info,INFO,False,getprop ro.bluetooth.version,,Bluetooth version should be 5.0 or newer for enhanced features
2026-02-01 10:54:10,BLUETOOTH,Just Works Pairing,critical,info,SAFE,True,dumpsys bluetooth_manager | grep -i 'Just Works',,Just Works insecure pairing method should not be enabled (IA-2)
2026-02-01 10:54:10,BLUETOOTH,Link Key Strength,critical,critical,CRITICAL,False,dumpsys bluetooth_manager | grep -i 'Key Length',,Link encryption key length must be at least 128 bits (IA-5)
2026-02-01 10:54:11,BLUETOOTH,Bluetooth Debugging Interface,critical,info,SAFE,True,dumpsys bluetooth_manager | grep -i 'Debug.*true',,Bluetooth debugging interfaces must be disabled in production (CM-6)
2026-02-01 10:54:11,BLUETOOTH,Secure Simple Pairing (SSP),critical,critical,CRITICAL,False,dumpsys bluetooth_manager 2>/dev/null | grep -iq 'Secure Simple Pairing.*Enabled' && echo Enabled || echo Disabled,Disabled,Checks if SSP is enabled (downgrade attacks like KNOB are prevented).
2026-02-01 10:54:11,BLUETOOTH,Bluedroid Stack Active,critical,info,SAFE,True,[ $(getprop ro.bluetooth.stack 2>/dev/null | grep -i bluedroid | wc -l) -gt 0 ] && echo VULNERABLE || echo SAFE,SAFE,Detects if Bluedroid stack is active (BlueBorne vulnerable; upgrade to Fluoride recommended).
2026-02-01 10:54:11,BLUETOOTH,Bluetooth Firmware Files,warning,warning,WARNING,False,ls /vendor/firmware/bluetooth* /system/etc/firmware/bluetooth* 2>/dev/null | wc -l,0,Checks for signed Bluetooth firmware blobs (missing may mean tampering or custom build).
2026-02-01 10:54:11,BLUETOOTH,Raw Radio Device Nodes,critical,info,SAFE,True,ls /dev/radio* /dev/hci* 2>/dev/null | wc -l,0,Exposes low-level radio nodes. Presence may indicate increased attack surface.
2026-02-01 10:54:11,BLUETOOTH,bluetoothd Hardening,warning,warning,WARNING,False,(ps -A -o cmd 2>/dev/null | grep -E 'bluetoothd|bluetooth' | grep -q -- -n) && echo HARDENED || echo UNPROTECTED,UNPROTECTED,Checks if the Bluetooth daemon runs in hardened (no-privilege) mode.
2026-02-01 10:54:11,BLUETOOTH,BR/EDR Secure Connections,critical,info,SAFE,True,settings get global bluetooth_br_edr_secure_connections 2>/dev/null | grep -q '^1$' && echo Enforced || echo NotEnforced,NotEnforced,Should return 'Enforced' to guarantee strong encryption (prevents KNOB attack).
2026-02-01 10:54:11,BLUETOOTH,SELinux Bluetooth Policy,warning,warning,WARNING,False,(ls -Z /system/bin/bluetooth* 2>/dev/null | grep -q 'bluetooth:s0') && echo RESTRICTIVE || echo PERMISSIVE,PERMISSIVE,SELinux domain for Bluetooth should be restrictive to prevent privilege escalation.
2026-02-01 10:54:11,BLUETOOTH,BLE MAC Randomization,info,info,INFO,False,"VAR=$(settings get global bluetooth_address_rotation_enabled 2>/dev/null); if [ -z ""$VAR"" ]; then echo NotSupported; elif [ ""$VAR"" = ""1"" ]; then echo Enabled; else echo Disabled; fi",Disabled,Should be enabled to randomize BLE MAC (prevents device tracking/leakage).
2026-02-01 10:54:12,BLUETOOTH,Legacy Bluetooth Profiles,warning,warning,WARNING,False,dumpsys bluetooth_manager | grep -E 'OBEX|PAN|SAP',"F1:CC:92:FA:30:E2 {profile connection policy(A2DP=100|A2DP_SINK=-1|CSIP_SET_COORDINATOR=-1|HEADSET=100|HEADSET_CLIENT=-1|HID_HOST=-1|PAN=-1|PBAP=-1|PBAP_CLIENT=-1|MAP=-1|MAP_CLIENT=-1|SAP=-1|HAP=-1|HEARING_AID=-1|LE_AUDIO=-1|VOLUME_CONTROL=-1|LE_CALL_CONTROL=-1|LE_BROADCAST_ASSISTANT=-1|BATTERY=-1), optional codec(support=0|enabled=-1), custom metadata(manufacturer_name=null|model_name=null|software_version=null|hardware_version=null|companion_app=null|main_icon=null|is_untethered_headset=null|untethered_left_icon=null|untethered_right_icon=null|untethered_case_icon=null|untethered_left_battery=null|untethered_right_battery=null|untethered_case_battery=null|untethered_left_charging=null|untethered_right_charging=null|untethered_case_charging=null|enhanced_settings_ui_uri=null|device_type=null|main_battery=null|main_charging=null|main_low_battery_threshold=null|untethered_left_low_battery_threshold=null|untethered_right_low_battery_threshold=null|untethered_case_low_battery_threshold=null|spatial_audio=null|fastpair_customized=null)}
    24:5D:FC:03:98:3A {profile connection policy(A2DP=100|A2DP_SINK=-1|CSIP_SET_COORDINATOR=-1|HEADSET=-1|HEADSET_CLIENT=-1|HID_HOST=-1|PAN=-1|PBAP=-1|PBAP_CLIENT=-1|MAP=-1|MAP_CLIENT=-1|SAP=-1|HAP=-1|HEARING_AID=-1|LE_AUDIO=-1|VOLUME_CONTROL=-1|LE_CALL_CONTROL=-1|LE_BROADCAST_ASSISTANT=-1|BATTERY=-1), optional codec(support=0|enabled=-1), custom metadata(manufacturer_name=null|model_name=null|software_version=null|hardware_version=null|companion_app=null|main_icon=null|is_untethered_headset=null|untethered_left_icon=null|untethered_right_icon=null|untethered_case_icon=null|untethered_left_battery=null|untethered_right_battery=null|untethered_case_battery=null|untethered_left_charging=null|untethered_right_charging=null|untethered_case_charging=null|enhanced_settings_ui_uri=null|device_type=null|main_battery=null|main_charging=null|main_low_battery_threshold=null|untethered_left_low_battery_threshold=null|untethered_right_low_battery_threshold=null|untethered_case_low_battery_threshold=null|spatial_audio=null|fastpair_customized=null)}",Legacy profiles can expose device to known CVEs—disable if not needed.
2026-02-01 10:54:12,BLUETOOTH,Custom Vendor Bluetooth Binaries,info,info,INFO,False,ls /vendor/lib*/hw/bluetooth* /system/lib*/hw/bluetooth* 2>/dev/null | wc -l,0,Lists vendor or custom Bluetooth libraries (review for supply chain risk).
2026-02-01 10:54:12,BLUETOOTH,Bluetooth Stack Version,info,info,SAFE,True,dumpsys package com.android.bluetooth | grep versionName,versionName=13,Review the version of the Bluetooth stack package.
2026-02-01 10:54:12,BLUETOOTH,Bluetooth Service Crashes,info,info,SAFE,True,logcat -d -b crash | grep -i bluetooth | tail -n 5,,Recent crashes in Bluetooth stack may indicate exploits or instability.
2026-02-01 10:54:12,BLUETOOTH,Scan Always Available,warning,warning,WARNING,False,settings get global ble_scan_always_enabled,1,Should be disabled to prevent background BLE scanning (privacy risk).
2026-02-01 10:54:12,BLUETOOTH,Apps with BLUETOOTH Permission,warning,warning,WARNING,False,pm list permissions -g -d | grep -A1 'BLUETOOTH$' | grep -c 'package:',0,Too many apps with BLUETOOTH permission increases risk.
2026-02-01 10:54:12,BLUETOOTH,Bluetooth Debug Properties,info,info,SAFE,True,getprop | grep -i bluetooth | grep -i debug,,Debug properties for Bluetooth should not be set on production.
2026-02-01 10:54:12,BOOT & SECURITY,Encryption,critical,info,SAFE,True,getprop ro.crypto.state,encrypted,Storage should be encrypted
2026-02-01 10:54:12,BOOT & SECURITY,SELinux Enforcing Mode,warning,info,SAFE,True,getenforce,Enforcing,SELinux should be enforcing
2026-02-01 10:54:12,BOOT & SECURITY,OEM Unlock Allowed,critical,critical,CRITICAL,False,getprop sys.oem_unlock_allowed,1,Should be disabled to prevent unlock
2026-02-01 10:54:12,BOOT & SECURITY,USB Debugging,warning,warning,WARNING,False,settings get global adb_enabled,1,Disable unless needed
2026-02-01 10:54:12,BOOT & SECURITY,Unknown Sources,warning,warning,WARNING,False,settings get secure install_non_market_apps,1,Should be disabled
2026-02-01 10:54:12,BOOT & SECURITY,Safe Mode,info,info,INFO,False,getprop persist.sys.safemode,,Should not be running in Safe Mode
2026-02-01 10:54:12,BOOT & SECURITY,FRP Policy,critical,critical,CRITICAL,False,settings get global frp_policy,null,Factory Reset Protection should be enabled
2026-02-01 10:54:12,BOOT & SECURITY,ADB Over Wi-Fi,warning,info,SAFE,True,settings get global adb_wifi_enabled,0,Risky if enabled
2026-02-01 10:54:12,BOOT & SECURITY,Bootloader Locked,critical,critical,CRITICAL,False,getprop ro.boot.flash.locked,0,1 means locked bootloader; 0 means unlocked
2026-02-01 10:54:12,BOOTLOADER,Fastboot Unlock Allowed,critical,critical,CRITICAL,False,getprop ro.oem_unlock_supported,,Fastboot OEM unlock must be disabled
2026-02-01 10:54:13,BOOTLOADER & POLICY,OEM Unlock Disabled (Global Setting),high,high,HIGH,False,settings get global oem_unlock_allowed 2>/dev/null,null,OEM unlock should be disallowed by policy (0)
2026-02-01 10:54:13,BOOTLOADER & POLICY,FRP Partition Path Set,info,info,SAFE,True,getprop ro.frp.pst,/dev/block/persistent,Factory Reset Protection partition path configured
2026-02-01 10:54:13,CERTIFICATES,User-Installed CA Certificates,critical,info,SAFE,True,ls /data/misc/user/0/cacerts-added/ 2>/dev/null | wc -l,0,User CA certs can enable MITM attacks - review if present
2026-02-01 10:54:13,CERTIFICATES,System CA Store Modified,warning,info,SAFE,True,ls /system/etc/security/cacerts/ 2>/dev/null | wc -l,125,System CA store should have standard number of certs (~150)
2026-02-01 10:54:13,CERTIFICATES,Certificate Pinning Bypass Apps,critical,info,SAFE,True,pm list packages | grep -iE 'sslunpin|trustme|justtrustme|certbypass',,SSL pinning bypass tools detected
2026-02-01 10:54:13,CERTIFICATES,Network Security Config,info,info,SAFE,True,find /data/app -name 'network_security_config.xml' 2>/dev/null | wc -l,0,Apps using network security configuration
2026-02-01 10:54:13,CERTIFICATES,Cleartext Traffic Permitted,warning,warning,WARNING,False,settings get global captive_portal_use_https 2>/dev/null,null,HTTPS should be enforced for captive portal detection
2026-02-01 10:54:13,CHECKS CIS,USB File Transfer Disabled,warning,warning,WARNING,False,settings get global usb_mass_storage_enabled 2>/dev/null,1,Should be disabled to block unauthorized USB file access
2026-02-01 10:54:13,CHECKS CIS,Wi-Fi Direct Disabled (WFD),warning,info,SAFE,True,pm list packages 2>/dev/null | grep -i wfd,,Wi-Fi Direct (WFD) package should be removed if unused
2026-02-01 10:54:13,CHECKS CIS,Auto System Update Enabled,info,info,INFO,False,settings get global auto_update_system 2>/dev/null,null,Auto updates improve patch consistency
2026-02-01 10:54:13,CHECKS CIS,Credential Storage Cleared,info,info,INFO,False,ls /data/misc/keystore/user_0 2>&1,ls: /data/misc/keystore/user_0: Permission denied,No residual user credential files
2026-02-01 10:54:13,CRYPTOGRAPHY,Hardware-Backed Keystore,critical,info,SAFE,True,getprop ro.hardware.keystore,mdfpp,Hardware-backed keystore should be present for secure key storage
2026-02-01 10:54:13,CRYPTOGRAPHY,Keymaster Version,info,info,SAFE,True,getprop ro.hardware.keystore_desede 2>/dev/null || getprop ro.boot.keymaster.version,true,Keymaster HAL version for hardware crypto
2026-02-01 10:54:13,CRYPTOGRAPHY,StrongBox Support,info,info,INFO,False,getprop ro.hardware.strongbox 2>/dev/null,,StrongBox provides tamper-resistant key storage
2026-02-01 10:54:13,CRYPTOGRAPHY,Encryption Type,info,info,SAFE,True,getprop ro.crypto.type,file,File-based encryption (FBE) preferred over full-disk (FDE)
2026-02-01 10:54:13,CRYPTOGRAPHY,Crypto Hardware Acceleration,info,info,SAFE,True,cat /proc/crypto | grep -E 'aes|sha' | head -5,cat: /proc/crypto: Permission denied,Hardware crypto acceleration status
2026-02-01 10:54:13,CRYPTOGRAPHY,Key Attestation Support,warning,warning,WARNING,False,pm list features | grep android.hardware.keystore.app_attest_key,,Key attestation verifies keys are hardware-backed
2026-02-01 10:54:13,CRYPTOGRAPHY,Verified Boot Key Hash,info,info,SAFE,True,getprop ro.boot.vbmeta.digest 2>/dev/null | head -c 16,68334ae9d4f35d3c,Verified boot cryptographic hash present
2026-02-01 10:54:15,DANGEROUS PERMISSIONS,Apps with All Permissions,warning,warning,WARNING,False,"pm list packages -3 2>/dev/null | cut -d: -f2 | while read pkg; do perms=$(dumpsys package $pkg 2>/dev/null | grep -c 'android.permission'); if [ ""$perms"" -gt 20 ]; then echo $pkg; fi; done | wc -l",32,Apps with excessive permissions
2026-02-01 10:54:16,DANGEROUS PERMISSIONS,SMS Permission Apps,warning,info,SAFE,True,pm list packages -p 2>/dev/null | grep -l 'READ_SMS\|SEND_SMS\|RECEIVE_SMS' | wc -l || echo 0,0,Apps with SMS access can intercept OTPs
2026-02-01 10:54:16,DANGEROUS PERMISSIONS,Call Log Access Apps,warning,info,SAFE,True,dumpsys package 2>/dev/null | grep -B5 'READ_CALL_LOG' | grep 'Package \[' | wc -l,0,Apps with call log access
2026-02-01 10:54:17,DANGEROUS PERMISSIONS,Location Always Apps,warning,info,SAFE,True,dumpsys package 2>/dev/null | grep -B5 'ACCESS_BACKGROUND_LOCATION' | grep 'Package \[' | wc -l,0,Apps with background location access
2026-02-01 10:54:17,DANGEROUS PERMISSIONS,Camera Background Access,critical,info,SAFE,True,dumpsys package 2>/dev/null | grep -B5 'CAMERA' | grep -A5 'Package \[' | grep -c 'background',0,Apps with background camera access
2026-02-01 10:54:18,DANGEROUS PERMISSIONS,Usage Stats Access,warning,info,SAFE,True,appops query-op --user 0 USAGE_ACCESS allow 2>/dev/null | wc -l,0,Apps that can see app usage patterns
2026-02-01 10:54:18,DANGEROUS PERMISSIONS,Install Unknown Apps,warning,warning,WARNING,False,pm list packages -3 2>/dev/null | cut -d: -f2 | xargs -I{} sh -c 'appops get {} REQUEST_INSTALL_PACKAGES 2>/dev/null | grep -q allow && echo {}' | wc -l,"0

xargs: Unknown option 'I{}' (see ""xargs --help"")",Apps allowed to install other apps
2026-02-01 10:54:18,DANGEROUS PERMISSIONS,Notification Listeners,warning,warning,WARNING,False,settings get secure enabled_notification_listeners,com.google.android.projection.gearhead/com.google.android.gearhead.notifications.SharedNotificationListenerManager$ListenerService:com.sec.android.app.launcher/com.android.launcher3.notification.NotificationListener,Notification listeners can read all notifications including OTPs
2026-02-01 10:54:18,DEBUGGING,System Debug Binaries,warning,info,SAFE,True,[ -f /system/bin/gdbserver ] || [ -f /system/bin/strace ] && echo FOUND || echo NOTFOUND,NOTFOUND,Presence of debug tools increases attack surface
2026-02-01 10:54:18,DEBUGGING,Kernel DebugFS Enabled,warning,warning,WARNING,False,cat /sys/kernel/debug/debug_enabled 2>/dev/null,,Kernel debugfs enabled exposes sensitive kernel interfaces
2026-02-01 10:54:18,DEVELOPER OPTIONS,Developer Options Enabled,warning,warning,WARNING,False,settings get global development_settings_enabled,1,Developer options should be disabled for security
2026-02-01 10:54:18,DEVELOPER OPTIONS,Mock Locations Enabled,critical,info,SAFE,True,settings get secure mock_location 2>/dev/null,0,Mock locations can be used to spoof GPS
2026-02-01 10:54:18,DEVELOPER OPTIONS,Mock Location App,critical,info,SAFE,True,settings get secure selected_mock_location_app 2>/dev/null,null,No mock location app should be selected
2026-02-01 10:54:18,DEVELOPER OPTIONS,OEM Unlock Enabled,critical,critical,CRITICAL,False,settings get global oem_unlock_enabled,null,OEM unlock allows bootloader unlocking
2026-02-01 10:54:18,DEVELOPER OPTIONS,Stay Awake While Charging,info,info,SAFE,True,settings get global stay_on_while_plugged_in,0,Screen staying on exposes device when unattended
2026-02-01 10:54:18,DEVELOPER OPTIONS,Animation Scale (Dev Mode Check),info,info,SAFE,True,settings get global window_animation_scale,1.0,Modified animation scale indicates developer mode usage
2026-02-01 10:54:18,DEVELOPER OPTIONS,USB Configuration Locked,info,info,SAFE,True,settings get global usb_config_locked 2>/dev/null,null,USB configuration should be locked in enterprise
2026-02-01 10:54:18,DM-VERITY,Verity Mode (cmdline),critical,critical,CRITICAL,False,grep -o 'androidboot.veritymode=[^ ]*' /proc/cmdline | cut -d= -f2,grep: /proc/cmdline: Permission denied,dm-verity should be enforcing
2026-02-01 10:54:18,DM-VERITY,dm-verity-backed Partitions Mounted,high,high,HIGH,False,mount | awk '$1 ~ /^dm-/ && $3 ~ /(ext4|f2fs)/ {c++} END{print c+0}',0,At least one partition should be backed by dm-verity
2026-02-01 10:54:18,DM-VERITY,AVB/Verity Success in dmesg,info,info,INFO,False,dmesg 2>/dev/null | grep -iE 'avb.*(success|green)|dm-verity:.*(enabled|ready|using)' | wc -l,0,Kernel logs should show AVB/verity success (if accessible)
2026-02-01 10:54:18,FILESYSTEM,Mount Points (rw/ro),info,info,SAFE,True,mount | grep -E ' rw| ro',,Review mounted partitions and access permissions
2026-02-01 10:54:18,FILESYSTEM,tmpfs Usage,info,info,SAFE,True,mount | grep tmpfs,"tmpfs on /dev type tmpfs (rw,seclabel,nosuid,relatime,size=2869892k,nr_inodes=717473,mode=755)
tmpfs on /mnt type tmpfs (rw,seclabel,nosuid,nodev,noexec,relatime,size=2869892k,nr_inodes=717473,mode=755,gid=1000)
tmpfs on /mnt/installer type tmpfs (rw,seclabel,nosuid,nodev,noexec,relatime,size=2869892k,nr_inodes=717473,mode=755,gid=1000)
tmpfs on /mnt/androidwritable type tmpfs (rw,seclabel,nosuid,nodev,noexec,relatime,size=2869892k,nr_inodes=717473,mode=755,gid=1000)
magisk on /debug_ramdisk type tmpfs (rw,seclabel,relatime,size=2869892k,nr_inodes=717473,mode=755)
tmpfs on /apex type tmpfs (rw,seclabel,nosuid,nodev,noexec,relatime,size=2869892k,nr_inodes=717473,mode=755)
tmpfs on /linkerconfig type tmpfs (rw,seclabel,nosuid,nodev,noexec,relatime,size=2869892k,nr_inodes=717473,mode=755)
tmpfs on /storage type tmpfs (rw,seclabel,nosuid,nodev,noexec,relatime,size=2869892k,nr_inodes=717473,mode=755,gid=1000)
tmpfs on /linkerconfig type tmpfs (rw,seclabel,nosuid,nodev,noexec,relatime,size=2869892k,nr_inodes=717473,mode=755)
tmpfs on /data_mirror type tmpfs (rw,seclabel,nosuid,nodev,noexec,relatime,size=2869892k,nr_inodes=717473,mode=700,gid=1000)
tmpfs on /apex/apex-info-list.xml type tmpfs (rw,seclabel,nosuid,nodev,noexec,relatime,size=2869892k,nr_inodes=717473,mode=755)
magisk on /system/system_ext/bin type tmpfs (ro,seclabel,relatime,size=2869892k,nr_inodes=717473,mode=755)
magisk on /system/system_ext/bin/magisk type tmpfs (ro,seclabel,relatime,size=2869892k,nr_inodes=717473,mode=755)
magisk on /system/system_ext/bin/magiskpolicy type tmpfs (ro,seclabel,relatime,size=2869892k,nr_inodes=717473,mode=755)",Shows use of temporary memory file system
2026-02-01 10:54:18,FILESYSTEM,World-Readable Files,critical,info,SAFE,True,find /data -type f -perm -o+r -exec ls -l {} \; 2>/dev/null | wc -l,0,No sensitive files should be world-readable
2026-02-01 10:54:18,FILESYSTEM,SQLite DB Permissions,warning,info,SAFE,True,find /data/data -name '*.db' -exec ls -l {} \; 2>/dev/null | grep -v 'rw-------',,SQLite databases should not be world-readable/writable
2026-02-01 10:54:19,FRIDA,Frida Server Listening,critical,info,SAFE,True,ps | grep frida-server,,Frida server process found
2026-02-01 10:54:19,HARDWARE INFO,Baseband Version,info,info,SAFE,True,getprop gsm.version.baseband,"A226BXXS9DXC1,A226BXXS9DXC1",Modem/baseband firmware version
2026-02-01 10:54:19,HARDWARE INFO,Bootloader Version,info,info,SAFE,True,getprop ro.bootloader,A226BXXS9DXD2,Bootloader version for firmware tracking
2026-02-01 10:54:19,HARDWARE INFO,Vendor Security Patch,warning,info,SAFE,True,getprop ro.vendor.build.security_patch,2024-03-01,Vendor security patch level (separate from OS patch)
2026-02-01 10:54:19,HARDWARE INFO,Boot Image Security Patch,info,info,SAFE,True,getprop ro.build.version.security_patch_boot 2>/dev/null || echo 'N/A',,Boot image security patch level
2026-02-01 10:54:19,HARDWARE INFO,Hardware Security Level,info,info,SAFE,True,getprop ro.hardware.security_level 2>/dev/null,,Hardware security implementation level
2026-02-01 10:54:19,HARDWARE INFO,First API Level,info,info,SAFE,True,getprop ro.product.first_api_level,30,Original API level shipped (affects security requirements)
2026-02-01 10:54:19,HARDWARE INFO,Treble Support,info,info,SAFE,True,getprop ro.treble.enabled,true,Treble enables faster security updates
2026-02-01 10:54:19,HARDWARE INFO,A/B Partitions (Seamless Updates),info,info,INFO,False,getprop ro.build.ab_update,,A/B partitions enable seamless security updates
2026-02-01 10:54:19,HARDWARE INFO,GKI (Generic Kernel Image),info,info,INFO,False,uname -r | grep -E 'android[0-9]+-[0-9]+\.[0-9]+',,GKI enables mainline kernel security updates
2026-02-01 10:54:19,INPUT SECURITY,No 3rd party keyboards installed,warning,warning,WARNING,False,ime list -a,"com.google.android.tts/com.google.android.apps.speech.tts.googletts.settings.asr.voiceime.VoiceInputMethodService:
  mId=com.google.android.tts/com.google.android.apps.speech.tts.googletts.settings.asr.voiceime.VoiceInputMethodService mSettingsActivityName=com.google.android.apps.speech.tts.googletts.settings.asr.voiceime.ui.VoiceImeSettingsActivity mIsVrOnly=false mSupportsSwitchingToNextInputMethod=false mInlineSuggestionsEnabled=false mSupportsInlineSuggestionsWithTouchExploration=false mSuppressesSpellChecker=false mShowInInputMethodPicker=true mSupportsStylusHandwriting=false
  mIsDefaultResId=0x0
  Service:
    priority=0 preferredOrder=0 match=0x108000 specificIndex=-1 isDefault=false
    ServiceInfo:
      name=com.google.android.apps.speech.tts.googletts.settings.asr.voiceime.VoiceInputMethodService
      packageName=com.google.android.tts
      labelRes=0x7f140345 nonLocalizedLabel=null icon=0x0 banner=0x0
      enabled=true exported=true directBootAware=false
      permission=android.permission.BIND_INPUT_METHOD
      flags=0x0
      ApplicationInfo:
        name=com.google.android.apps.speech.tts.googletts.GoogleTTSRoot_Application
        packageName=com.google.android.tts
        labelRes=0x7f14002d nonLocalizedLabel=null icon=0x7f110000 banner=0x0
        className=com.google.android.apps.speech.tts.googletts.GoogleTTSRoot_Application
        processName=com.google.android.tts
        taskAffinity=null
        uid=10205 flags=0x34cbbec5 privateFlags=0x8c081100 theme=0x7f1502c2
        requiresSmallestWidthDp=0 compatibleWidthLimitDp=0 largestWidthLimitDp=0
        sourceDir=/data/app/~~U0kH87-xcNWQIev4YvnR3w==/com.google.android.tts-MCYP1GV7R8OaHuIoS1MB7A==/base.apk
        splitSourceDirs=[/data/app/~~U0kH87-xcNWQIev4YvnR3w==/com.google.android.tts-MCYP1GV7R8OaHuIoS1MB7A==/split_config.arm64_v8a.apk, /data/app/~~U0kH87-xcNWQIev4YvnR3w==/com.google.android.tts-MCYP1GV7R8OaHuIoS1MB7A==/split_config.en.apk, /data/app/~~U0kH87-xcNWQIev4YvnR3w==/com.google.android.tts-MCYP1GV7R8OaHuIoS1MB7A==/split_config.xxhdpi.apk]
        seinfo=default:targetSdkVersion=36
        seinfoUser=:complete
        dataDir=/data/user/0/com.google.android.tts
        deviceProtectedDataDir=/data/user_de/0/com.google.android.tts
        credentialProtectedDataDir=/data/user/0/com.google.android.tts
        splitClassLoaderNames=[null, null, null]
        enabled=true minSdkVersion=32 targetSdkVersion=36 versionCode=210604624 targetSandboxVersion=1
        supportsRtl=true
        fullBackupContent=@xml/2132213763
        dataExtractionRules=@xml/2132213764
        crossProfile=false
        category=7
        HiddenApiEnforcementPolicy=2
        usesNonSdkApi=false
        allowsPlaybackCapture=true
        nativeHeapZeroInitialized=0
        enableOnBackInvokedCallback=false
        createTimestamp=2383855
        knownActivityEmbeddingCerts={}
com.samsung.android.honeyboard/.service.HoneyBoardService:
  mId=com.samsung.android.honeyboard/.service.HoneyBoardService mSettingsActivityName=com.samsung.android.honeyboard.settings.common.HoneyBoardSettingsActivity mIsVrOnly=false mSupportsSwitchingToNextInputMethod=false mInlineSuggestionsEnabled=true mSupportsInlineSuggestionsWithTouchExploration=false mSuppressesSpellChecker=false mShowInInputMethodPicker=true mSupportsStylusHandwriting=false
  mIsDefaultResId=0x7f050007
  Service:
    priority=0 preferredOrder=0 match=0x108000 specificIndex=-1 isDefault=false
    ServiceInfo:
      name=com.samsung.android.honeyboard.service.HoneyBoardService
      packageName=com.samsung.android.honeyboard
      enabled=true exported=true directBootAware=true
      permission=android.permission.BIND_INPUT_METHOD
      flags=0x0
      ApplicationInfo:
        name=com.samsung.android.honeyboard.app.HoneyBoardApplication
        packageName=com.samsung.android.honeyboard
        labelRes=0x7f1200f3 nonLocalizedLabel=null icon=0x7f0f0000 banner=0x0
        className=com.samsung.android.honeyboard.app.HoneyBoardApplication
        processName=com.samsung.android.honeyboard
        taskAffinity=com.samsung.android.honeyboard
        uid=10147 flags=0x38d83ec5 privateFlags=0x8c101140 theme=0x7f1301a7
        requiresSmallestWidthDp=0 compatibleWidthLimitDp=0 largestWidthLimitDp=0
        sourceDir=/data/app/~~uYaH5RWIcuM_T8DS2vNgCg==/com.samsung.android.honeyboard-skVpzj-X-NE2ZBrkc0pwjw==/base.apk
        resourceDirs=[/data/overlays/current_locale_apks/files/com.samsung.android.honeyboard.en.apk]
        overlayPaths=[/data/overlays/current_locale_apks/files/com.samsung.android.honeyboard.en.apk]
        seinfo=platform:targetSdkVersion=33
        seinfoUser=:complete
        dataDir=/data/user/0/com.samsung.android.honeyboard
        deviceProtectedDataDir=/data/user_de/0/com.samsung.android.honeyboard
        credentialProtectedDataDir=/data/user/0/com.samsung.android.honeyboard
        sharedLibraryFiles=[/system/framework/SmpsManager.jar, libSDKRecognitionText.spensdk.samsung.so, /system/framework/com.samsung.android.spensdk.framework-v1.jar]
        enabled=true minSdkVersion=28 targetSdkVersion=33 versionCode=561048300 targetSandboxVersion=1
        supportsRtl=true
        fullBackupContent=true
        crossProfile=true
        networkSecurityConfigRes=0x7f15000c
        HiddenApiEnforcementPolicy=0
        usesNonSdkApi=false
        allowsPlaybackCapture=true
        nativeHeapZeroInitialized=0
        enableOnBackInvokedCallback=false
        createTimestamp=2383855
        knownActivityEmbeddingCerts={}
com.droidrun.portal/.DroidrunKeyboardIME:
  mId=com.droidrun.portal/.DroidrunKeyboardIME mSettingsActivityName=null mIsVrOnly=false mSupportsSwitchingToNextInputMethod=false mInlineSuggestionsEnabled=false mSupportsInlineSuggestionsWithTouchExploration=false mSuppressesSpellChecker=false mShowInInputMethodPicker=true mSupportsStylusHandwriting=false
  mIsDefaultResId=0x0
  Service:
    priority=0 preferredOrder=0 match=0x108000 specificIndex=-1 isDefault=false
    ServiceInfo:
      name=com.droidrun.portal.DroidrunKeyboardIME
      packageName=com.droidrun.portal
      labelRes=0x7f0f0038 nonLocalizedLabel=null icon=0x0 banner=0x0
      enabled=true exported=true directBootAware=false
      permission=android.permission.BIND_INPUT_METHOD
      flags=0x0
      ApplicationInfo:
        packageName=com.droidrun.portal
        labelRes=0x7f0f001d nonLocalizedLabel=null icon=0x7f0d0000 banner=0x0
        processName=com.droidrun.portal
        taskAffinity=com.droidrun.portal
        uid=10294 flags=0x20c8be46 privateFlags=0x8c001000 theme=0x7f100227
        requiresSmallestWidthDp=0 compatibleWidthLimitDp=0 largestWidthLimitDp=0
        sourceDir=/data/app/~~ZzDtGyZfpGWx8PcmZu34wg==/com.droidrun.portal-V5DzeqGRzJfCC1udVObN4g==/base.apk
        seinfo=default:targetSdkVersion=34
        seinfoUser=:complete
        dataDir=/data/user/0/com.droidrun.portal
        deviceProtectedDataDir=/data/user_de/0/com.droidrun.portal
        credentialProtectedDataDir=/data/user/0/com.droidrun.portal
        enabled=true minSdkVersion=30 targetSdkVersion=34 versionCode=42 targetSandboxVersion=1
        supportsRtl=true
        fullBackupContent=@xml/2131886081
        dataExtractionRules=@xml/2131886082
        crossProfile=false
        HiddenApiEnforcementPolicy=2
        usesNonSdkApi=false
        allowsPlaybackCapture=true
        nativeHeapZeroInitialized=0
        enableOnBackInvokedCallback=false
        createTimestamp=2383855
        knownActivityEmbeddingCerts={}",Only system keyboards must be installed
2026-02-01 10:54:19,INTEGRITY,Test-keys Build,critical,info,SAFE,True,getprop ro.build.fingerprint,samsung/a22xnnxx/a22x:13/TP1A.220624.014/A226BXXS9DXD2:user/release-keys,Test-keys in fingerprint indicates insecure engineering/debug build
2026-02-01 10:54:19,INTEGRITY,Boot Image Tampered,info,info,SAFE,True,ls -l /init /init.rc,"ls: /init: Permission denied
ls: /init.rc: No such file or directory",Check for unusual file sizes or dates
2026-02-01 10:54:19,INTEGRITY,System Partition Tampering,info,info,SAFE,True,lsattr /system/bin/app_process* 2>/dev/null,"--------------e----- /system/bin/app_process
--------------e----- /system/bin/app_process32
--------------e----- /system/bin/app_process64",Detects immutability or possible tampering
2026-02-01 10:54:19,KERNEL,Kernel Hardening (PAN/UAO),critical,info,SAFE,True,zcat /proc/config.gz | grep -E 'CONFIG_ARM64_PAN=|CONFIG_ARM64_UAO=',"CONFIG_ARM64_PAN=y
CONFIG_ARM64_UAO=y",Privileged Access Never (PAN) and User Access Override (UAO) should be enabled for memory protection
2026-02-01 10:54:19,KERNEL,Kernel Pointer Leaking,high,high,HIGH,False,cat /proc/sys/kernel/kptr_restrict,cat: /proc/sys/kernel/kptr_restrict: Permission denied,Kernel pointers should not be exposed (2 = full restriction)
2026-02-01 10:54:19,LOGS,Recent Kernel Crashes,info,info,INFO,False,dmesg | grep -iE 'fatal|panic|oops|BUG:' | tail -n 5,dmesg: klogctl: Permission denied,Recent kernel panics or fatal errors
2026-02-01 10:54:20,LOGS,Application Crash Log,info,info,SAFE,True,logcat -d -b crash | head -n 10,,Recent app crash logs (look for repeated exceptions)
2026-02-01 10:54:20,LOGS,SELinux AVC Denials,warning,warning,WARNING,False,dmesg | grep 'avc:  denied',dmesg: klogctl: Permission denied,Check for any denied SELinux actions
2026-02-01 10:54:20,MALWARE SCAN,Suspicious Packages,critical,critical,CRITICAL,False,pm list packages | grep -Ei 'spy|inject|keylog|steal|remote|sms|trojan',package:com.samsung.android.dsms,Flag suspicious package names
2026-02-01 10:54:20,MALWARE & SENSITIVE DATA SCAN,Sensitive/Malicious Files (Recursive),warning,warning,WARNING,False,find /sdcard/ -type f -iregex '.*(key|creds|dump|log|backup|conf|config|token|password|secret|payload|exploit|malware|trojan|root|hack|shell|\.apk|\.dex|\.so|\.elf|\.sh|\.exe|\.bat)$',find: bad arg '.*(key|creds|dump|log|backup|conf|config|token|password|secret|payload|exploit|malware|trojan|root|hack|shell|\.apk|\.dex|\.so|\.elf|\.sh|\.exe|\.bat)$',Finds files on external storage commonly linked to leaks or malware (recursively).
2026-02-01 10:54:20,MDM & ENTERPRISE,Device Admin Apps,warning,info,SAFE,True,dumpsys device_policy 2>/dev/null | grep 'Active admin' | wc -l,0,Device admin apps have elevated privileges
2026-02-01 10:54:20,MDM & ENTERPRISE,Device Owner Set,info,info,SAFE,True,dumpsys device_policy 2>/dev/null | grep 'Device Owner',,Device owner (MDM) presence
2026-02-01 10:54:20,MDM & ENTERPRISE,Work Profile Present,info,info,SAFE,True,pm list users 2>/dev/null | grep -i 'work\|managed',,Work profile / managed profile detection
2026-02-01 10:54:20,MDM & ENTERPRISE,Profile Owner Apps,info,info,SAFE,True,dumpsys device_policy 2>/dev/null | grep 'Profile Owner' | wc -l,0,Profile owner apps managing work profile
2026-02-01 10:54:20,MDM & ENTERPRISE,Unknown MDM Apps,info,info,SAFE,True,pm list packages | grep -iE 'mdm|mobileiron|airwatch|intune|jamf|maas360|knox',"package:com.samsung.android.mdm
package:com.sec.enterprise.mdm.services.simpin
package:com.mediatek.mdmlsample
package:com.sec.enterprise.knox.cloudmdm.smdms",Known MDM solution packages
2026-02-01 10:54:20,MDM & ENTERPRISE,Factory Reset Protection,warning,warning,WARNING,False,settings get global frp_active 2>/dev/null,null,Factory Reset Protection should be enabled
2026-02-01 10:54:20,MDM & ENTERPRISE,Device Provisioned,info,info,SAFE,True,settings get global device_provisioned,1,Device setup completion status
2026-02-01 10:54:20,MEMORY,Stack Canaries,critical,info,SAFE,True,zcat /proc/config.gz | grep CONFIG_CC_STACKPROTECTOR_STRONG,CONFIG_CC_STACKPROTECTOR_STRONG=y,Stack canaries should be enabled to prevent buffer overflows
2026-02-01 10:54:20,MEMORY,ROP Mitigation (PAC),critical,critical,CRITICAL,False,zcat /proc/config.gz | grep CONFIG_ARM64_PTR_AUTH,,Pointer Authentication (PAC) should be enabled to prevent ROP attacks
2026-02-01 10:54:20,MEMORY,Memory Tagging (MTE),critical,critical,CRITICAL,False,zcat /proc/config.gz | grep CONFIG_ARM64_MTE,,Memory Tagging Extension (MTE) should be enabled for JIT hardening
2026-02-01 10:54:20,NETWORK,DNS Servers,info,info,SAFE,True,getprop net.dns1,,Check DNS configs
2026-02-01 10:54:21,NETWORK,World-Writable Files,critical,info,SAFE,True,find /data -type f \( -perm -o+w \) -exec ls -l {} \; 2>/dev/null | wc -l,0,Unprotected sensitive files
2026-02-01 10:54:21,NETWORK,Wi-Fi Security (WPA3),warning,warning,WARNING,False,dumpsys wifi | grep 'WPA3-',,WPA3 should be preferred over WPA2 for stronger Wi-Fi security
2026-02-01 10:54:21,NETWORK,DNS-over-TLS Enabled,warning,warning,WARNING,False,settings get global private_dns_mode,null,DNS-over-TLS (DoT) should be enabled for encrypted DNS
2026-02-01 10:54:21,NETWORK,ARP Table Dump,info,info,SAFE,True,cat /proc/net/arp,IP address       HW type     Flags       HW address            Mask     Device,Lists resolved ARP IP-MAC mappings
2026-02-01 10:54:21,NETWORK,Proxy Configuration,warning,info,SAFE,True,settings get global http_proxy,null,Proxy set may indicate MITM or forced redirection
2026-02-01 10:54:21,NETWORK,Captive Portal Detection,warning,warning,WARNING,False,settings get global captive_portal_mode,null,Should be 1 (default); 0 disables captive portal checks
2026-02-01 10:54:21,NETWORK-IPV4,All Active TCP Connections (IPv4),info,info,SAFE,True,sh -lc 'netstat -lntp 2>/dev/null || ss -lntp 2>/dev/null || true' | awk '$1 ~ /^tcp/ && $4 ~ /^[0-9.]+:/ { print $0 }',,Lists all IPv4 TCP connections including localhost — use for full socket audit
2026-02-01 10:54:22,NETWORK-IPV4,"Common TCP Ports Exposed (IPv4, Warning)",warning,info,SAFE,True,sh -lc 'netstat -lnpt 2>/dev/null || ss -lnpt 2>/dev/null || true' | awk '$1 ~ /^tcp/ && $0 ~ /LISTEN/ && $4 ~ /:((53)|(80)|(25)|(110)|(143)|(465)|(587)|(993)|(995)|(8080)|(8443)|(22))$/ && $4 !~ /^127\./',,One or more common TCP ports are externally accessible on IPv4 — review exposure
2026-02-01 10:54:22,NETWORK-IPV4,Expanded Critical TCP Ports (excluding SSH) Listening or External (IPv4),critical,info,SAFE,True,sh -lc 'netstat -lnpt 2>/dev/null || ss -lnpt 2>/dev/null || true' | awk '$1 ~ /^tcp/ && $0 ~ /LISTEN/ && $4 ~ /:((21)|(23)|(25)|(445)|(3306)|(5432)|(5555)|(5900)|(5901)|(3389)|(5555)|(4444)|(8080)|(8443)|(41795))$/ && $4 !~ /^127\./',,One or more critical TCP ports (excluding SSH) are open or externally connected (IPv4) — review exposure
2026-02-01 10:54:22,NETWORK-IPV4,"Open UDP Ports (IPv4, excluding localhost)",info,info,SAFE,True,sh -lc 'netstat -lnup 2>/dev/null || ss -lnup 2>/dev/null || true' | awk '$1 ~ /^udp/ && $4 !~ /^127\./',,Open UDP ports (IPv4) found that are not restricted to localhost
2026-02-01 10:54:22,NETWORK-IPV4,"UDP Ports 123, 161, 162, 5353 Open (IPv4)",warning,info,SAFE,True,sh -lc 'netstat -lnup 2>/dev/null || ss -lnup 2>/dev/null || true' | awk '$1 ~ /^udp/ && $4 ~ /:(123|161|162|5353)$/ && $4 !~ /^127\./ { print $4 }',,"UDP Ports 123 (NTP), 161 (SNMP), 162 (Trap), or 5353 (mDNS) are exposed on IPv4 — may leak device or service data"
2026-02-01 10:54:22,NETWORK-IPV4,Potentially Vulnerable UDP Ports (IPv4),critical,info,SAFE,True,sh -lc 'netstat -lnup 2>/dev/null || ss -lnup 2>/dev/null || true' | awk '$1 ~ /^udp/ && $4 ~ /:(69|1900|500|4500|520)$/ && $4 !~ /^127\./ { print $4 }',,"One or more UDP ports (e.g., 69/TFTP, 1900/SSDP) are exposed on IPv4 — potentially vulnerable services detected"
2026-02-01 10:54:22,NETWORK-IPV6,"All Active TCP Connections (IPv6, excluding ::1)",info,info,SAFE,True,sh -lc 'netstat -ntp 2>/dev/null || ss -ntp 2>/dev/null || true' | awk '$1 ~ /^tcp6/ && $4 !~ /::1/ { print $0 }',,Displays all active IPv6 TCP connections (including LISTEN/ESTABLISHED) that are not bound to loopback (::1)
2026-02-01 10:54:22,NETWORK-IPV6,"Common TCP Ports Exposed (IPv6, Warning)",warning,info,SAFE,True,sh -lc 'netstat -lnpt 2>/dev/null || ss -lnpt 2>/dev/null || true' | awk '$1 ~ /^tcp6/ && $0 ~ /LISTEN/ && $4 ~ /:((53)|(80)|(25)|(110)|(143)|(465)|(587)|(993)|(995)|(8080)|(8443)|(22))$/ && $4 !~ /::1/',,One or more common TCP ports are externally accessible on IPv6 — review exposure
2026-02-01 10:54:22,NETWORK-IPV6,Expanded Critical TCP Ports (excluding SSH) Listening or External (IPv6),critical,info,SAFE,True,sh -lc 'netstat -lnpt 2>/dev/null || ss -lnpt 2>/dev/null || true' | awk '$1 ~ /^tcp6/ && $0 ~ /LISTEN/ && $4 ~ /:((21)|(23)|(25)|(445)|(3306)|(5432)|(5900)|(5901)|(3389)|(5555)|(4444)|(8080)|(8443)|(41795))$/ && $4 !~ /::1/',,One or more critical TCP ports (excluding SSH) are open or externally connected (IPv6) — review exposure
2026-02-01 10:54:22,NETWORK-IPV6,"Open UDP Ports (IPv6, excluding localhost)",info,info,SAFE,True,sh -lc 'netstat -lnup 2>/dev/null || ss -lnup 2>/dev/null || true' | awk '$1 ~ /^udp6/ && $4 !~ /::1/',,Open UDP ports (IPv6) found that are not restricted to localhost (::1)
2026-02-01 10:54:22,NETWORK-IPV6,"UDP Ports 123, 161, 162, 5353 Open (IPv6)",warning,info,SAFE,True,sh -lc 'netstat -lnup 2>/dev/null || ss -lnup 2>/dev/null || true' | awk '$1 ~ /^udp6/ && $4 ~ /:(123|161|162|5353)$/ && $4 !~ /::1/ { print $4 }',,"UDP Ports 123 (NTP), 161 (SNMP), 162 (Trap), or 5353 (mDNS) are exposed on IPv6 — may leak device or service data"
2026-02-01 10:54:22,NETWORK-IPV6,Potentially Vulnerable UDP Ports (IPv6),critical,info,SAFE,True,sh -lc 'netstat -lnup 2>/dev/null || ss -lnup 2>/dev/null || true' | awk '$1 ~ /^udp6/ && $4 ~ /:(69|1900|500|4500|520)$/ && $4 !~ /::1/ { print $4 }',,"One or more UDP ports (e.g., 69/TFTP, 1900/SSDP) are exposed on IPv6 — potentially vulnerable services detected"
2026-02-01 10:54:22,NFC SECURITY,NFC Enabled,warning,warning,WARNING,False,settings get global nfc_on,null,NFC should be disabled when not in use to prevent skimming attacks
2026-02-01 10:54:23,NFC SECURITY,Android Beam Enabled,warning,warning,WARNING,False,settings get global android_beam_enabled 2>/dev/null,null,Android Beam can be used for unauthorized data transfer
2026-02-01 10:54:23,NFC SECURITY,NFC Payment Default App,info,info,SAFE,True,settings get secure nfc_payment_default_component 2>/dev/null,null,Default NFC payment application
2026-02-01 10:54:23,NFC SECURITY,HCE Payment Apps,info,info,SAFE,True,pm list packages | grep -iE 'pay|wallet|gpay|samsung.*pay' | wc -l,2,Host Card Emulation payment apps installed
2026-02-01 10:54:23,NFC SECURITY,NFC Secure Element,info,info,SAFE,True,pm list features | grep android.hardware.nfc.hcef,,NFC Secure Element support for secure transactions
2026-02-01 10:54:23,PATCHING,OTA Update Path,info,info,SAFE,True,getprop ro.build.version.incremental,A226BXXS9DXD2,OTA incremental version for build tracking
2026-02-01 10:54:23,PATH ABUSE,Writable Paths in $PATH,critical,critical,CRITICAL,False,"echo $PATH | tr ':' '\n' | awk 'NF' | xargs -I{} sh -c '[ -w ""{}"" ] && echo ""{}""'","xargs: Unknown option 'I{}' (see ""xargs --help"")",Writable dirs in PATH can lead to privilege escalation
2026-02-01 10:54:23,POLICY,Disable-Verity Property Not Set,critical,info,SAFE,True,getprop persist.sys.disable_verity,,Disable-verity must not be enabled on locked devices
2026-02-01 10:54:23,PROCESS SNAPSHOT,Top 5 Running Processes,info,info,SAFE,True,ps | head -n 5,"USER           PID  PPID     VSZ    RSS WCHAN            ADDR S NAME                       
root             1     0 2366292   8416 0                   0 S init
root             2     0       0      0 0                   0 S [kthreadd]
root             3     2       0      0 0                   0 I [rcu_gp]
root             4     2       0      0 0                   0 I [kworker/0:0]",Initial list of active processes
2026-02-01 10:54:23,ROOT,Systemless Root Path,critical,critical,CRITICAL,False,ls /sbin | grep magisk,ls: /sbin: No such file or directory,Magisk binary indicates systemless root
2026-02-01 10:54:23,ROOT TRACE,su Binary in Common Paths,critical,info,SAFE,True,[ -f /system/xbin/su ] || [ -f /system/bin/su ] && echo FOUND || echo NOTFOUND,NOTFOUND,su binary indicates rooted device
2026-02-01 10:54:23,SCREEN SECURITY,Screen Lock Enabled,critical,critical,CRITICAL,False,settings get secure lockscreen.password_type,null,Screen lock must be enabled (not 0=none or 65536=swipe)
2026-02-01 10:54:23,SCREEN SECURITY,Lock Screen Timeout,info,info,INFO,False,settings get system screen_off_timeout,1800000,Screen timeout value in milliseconds
2026-02-01 10:54:23,SCREEN SECURITY,Show Password Characters,warning,warning,WARNING,False,settings get system show_password,null,Password characters should not be shown
2026-02-01 10:54:23,SCREEN SECURITY,Lock Screen Notifications,warning,warning,WARNING,False,settings get secure lock_screen_show_notifications,1,Sensitive notifications visible on lock screen
2026-02-01 10:54:23,SCREEN SECURITY,Overlay Permission Apps,warning,warning,WARNING,False,pm list packages -e 2>/dev/null | xargs -I{} sh -c 'dumpsys package {} 2>/dev/null | grep -q SYSTEM_ALERT_WINDOW && echo {}' | wc -l,"0

xargs: Unknown option 'I{}' (see ""xargs --help"")",Apps with overlay permission can capture input
2026-02-01 10:54:23,SCREEN SECURITY,Screen Capture Disabled,info,info,SAFE,True,settings get secure screencapture_disabled 2>/dev/null,null,Enterprise policy may disable screenshots
2026-02-01 10:54:23,SCREEN SECURITY,Lockdown on Failed Attempts,info,info,SAFE,True,settings get global maximum_time_to_unlock 2>/dev/null,null,Maximum unlock attempts before lockdown
2026-02-01 10:54:24,SCREEN SECURITY,Quick Settings Tiles on Lock,info,info,SAFE,True,settings get secure lock_quick_settings 2>/dev/null,null,Quick settings accessible from lock screen
2026-02-01 10:54:24,SELINUX,SELinux Status,critical,info,SAFE,True,getenforce 2>/dev/null || getprop ro.boot.selinux,Enforcing,SELinux must be in Enforcing mode for proper security
2026-02-01 10:54:24,SELINUX,SELinux Policy Version,info,info,SAFE,True,cat /sys/fs/selinux/policyvers 2>/dev/null,31,"SELinux policy version (higher is better, 30+ recommended)"
2026-02-01 10:54:24,SELINUX,SELinux Deny Unknown,warning,info,SAFE,True,cat /sys/fs/selinux/deny_unknown 2>/dev/null,1,Unknown access should be denied by default
2026-02-01 10:54:24,SELINUX,SELinux Permissive Domains,warning,warning,WARNING,False,dmesg 2>/dev/null | grep -c 'permissive=' || echo 0,"0
0",No domains should be running in permissive mode
2026-02-01 10:54:24,SELINUX,SELinux Boot Parameter,critical,info,SAFE,True,cat /proc/cmdline | grep -o 'selinux=[01]' || echo 'selinux=1',"selinux=1

cat: /proc/cmdline: Permission denied",SELinux should not be disabled via boot parameter
2026-02-01 10:54:24,SIM SECURITY,SIM Card Present,info,info,INFO,False,getprop gsm.sim.state,"ABSENT,ABSENT",SIM card status
2026-02-01 10:54:24,SIM SECURITY,SIM PIN Lock Enabled,warning,warning,WARNING,False,service call iphonesubinfo 3 2>/dev/null | grep -q 'PIN' && echo ENABLED || echo DISABLED,DISABLED,SIM PIN lock prevents unauthorized SIM use
2026-02-01 10:54:24,SIM SECURITY,SIM Operator,info,info,SAFE,True,getprop gsm.operator.alpha,",",Current mobile operator
2026-02-01 10:54:24,SIM SECURITY,Dual SIM Status,info,info,SAFE,True,getprop persist.radio.multisim.config,dsds,Dual SIM configuration
2026-02-01 10:54:24,SIM SECURITY,eSIM Profiles,info,info,SAFE,True,pm list packages | grep -i esim,,eSIM management apps present
2026-02-01 10:54:24,SIM SECURITY,Carrier Lock Status,info,info,SAFE,True,getprop persist.sys.oem_unlock_allowed 2>/dev/null,,Carrier/network lock status
2026-02-01 10:54:24,SLOTS & RECOVERY,bootctl Present,info,info,INFO,False,command -v bootctl >/dev/null 2>&1 && echo present || echo absent,absent,bootctl available to query slot state
2026-02-01 10:54:24,SLOTS & RECOVERY,Current Slot,info,info,INFO,False,bootctl get-current-slot 2>/dev/null | sed -E 's/.*: *//',,Device reports current boot slot (a/b or 0/1)
2026-02-01 10:54:24,SLOTS & RECOVERY,Stock Recovery (No TWRP in PATH),high,info,SAFE,True,command -v twrp >/dev/null 2>&1 && echo found || echo notfound,notfound,No custom recovery binary should be present
2026-02-01 10:54:24,STORAGE,Hidden or Extra Partitions,info,info,INFO,False,cat /proc/partitions | grep -Ev 'mmcblk0p[0-9]+|sda[0-9]+',cat: /proc/partitions: Permission denied,Detects non-standard or extra partitions
2026-02-01 10:54:24,STORAGE,SDCard Mount RW,warning,info,SAFE,True,mount | grep /sdcard | grep rw,,SDCard should not be mounted read-write in restricted environments
2026-02-01 10:54:24,STORAGE,Orphaned Files in /data,info,info,SAFE,True,find /data -type f -uid 0 ! -user system 2>/dev/null | wc -l,0,Looks for files owned by root but not by 'system' user
2026-02-01 10:54:24,STORAGE,External Storage Encryption,warning,info,SAFE,True,getprop ro.crypto.volume.filenames_mode,aes-256-cts,External storage filenames should be encrypted
2026-02-01 10:54:24,SYSTEM,Kernel Version,info,info,SAFE,True,uname -r,4.14.186-27218697,Kernel build/version details
2026-02-01 10:54:24,SYSTEM,Audit Logs Enabled,warning,info,SAFE,True,cat /proc/sys/kernel/printk,cat: /proc/sys/kernel/printk: Permission denied,Non-zero values indicate audit logs may be active
2026-02-01 10:54:24,SYSTEM,ASLR Enabled,critical,critical,CRITICAL,False,cat /proc/sys/kernel/randomize_va_space,cat: /proc/sys/kernel/randomize_va_space: Permission denied,ASLR must be enabled (value 2) to randomize memory layout and protect against memory-based attacks.
2026-02-01 10:54:24,SYSTEM,KASLR Enabled,critical,critical,CRITICAL,False,dmesg | grep -i kaslr,dmesg: klogctl: Permission denied,Kernel Address Space Layout Randomization (KASLR) should be enabled to randomize kernel memory layout.
2026-02-01 10:54:24,SYSTEM,NX (No eXecute) Bit Enabled,critical,critical,CRITICAL,False,dmesg | grep -i NX,dmesg: klogctl: Permission denied,NX bit must be enabled to prevent execution of code in data memory regions.
2026-02-01 10:54:25,SYSTEM,Core Dumps Disabled,high,high,HIGH,False,cat /proc/sys/kernel/core_pattern,cat: /proc/sys/kernel/core_pattern: Permission denied,Core dumps should be disabled to prevent sensitive data leakage.
2026-02-01 10:54:25,SYSTEM,SECCOMP Enabled,high,high,HIGH,False,zcat /proc/config.gz | grep CONFIG_SECCOMP=,CONFIG_SECCOMP=y,SECCOMP must be enabled to restrict system calls.
2026-02-01 10:54:25,SYSTEM,Kernel Modules Loading Restricted,high,high,HIGH,False,cat /proc/sys/kernel/modules_disabled,cat: /proc/sys/kernel/modules_disabled: Permission denied,Kernel module loading should be disabled after boot to prevent unauthorized module insertion.
2026-02-01 10:54:25,SYSTEM,Protected Symlinks Enabled,medium,warning,WARNING,False,cat /proc/sys/fs/protected_symlinks,cat: /proc/sys/fs/protected_symlinks: Permission denied,Symlink protection should be enabled to prevent symlink-based privilege escalation.
2026-02-01 10:54:25,SYSTEM,Protected Hardlinks Enabled,medium,warning,WARNING,False,cat /proc/sys/fs/protected_hardlinks,cat: /proc/sys/fs/protected_hardlinks: Permission denied,Hardlink protection should be enabled to prevent unauthorized file access.
2026-02-01 10:54:25,SYSTEM,dmesg Restriction Enabled,medium,warning,WARNING,False,cat /proc/sys/kernel/dmesg_restrict,cat: /proc/sys/kernel/dmesg_restrict: Permission denied,Restricting dmesg access prevents unprivileged users from reading kernel logs.
2026-02-01 10:54:25,TEE/TPM,TEE Driver Presence,warning,info,SAFE,True,[ -e /dev/tee0 ] || [ -e /dev/trusty-ipc-dev0 ] && echo PRESENT || echo ABSENT,PRESENT,TEE driver (Trusted Execution Environment) should exist on modern secure devices
2026-02-01 10:54:25,TEE/TPM,TPM Keystore Presence,info,info,INFO,False,[ -d /data/misc/keystore ] && echo PRESENT || echo ABSENT,ABSENT,Checks for hardware-backed keystore modules
2026-02-01 10:54:25,TEE/TPM,TEE Vendor Prop,info,info,SAFE,True,getprop | grep -i tee,"[ro.vendor.mtk_svp_on_mtee_support]: [1]
[ro.vendor.mtk_teegris_tee_support]: [1]",Shows any TEE-related properties
2026-02-01 10:54:25,USB SECURITY,MTP Access Enabled,info,info,INFO,False,getprop sys.usb.config,"mtp,adb",MTP allows file access over USB - review if needed
2026-02-01 10:54:25,USB SECURITY,USB OTG Enabled,info,info,SAFE,True,cat /sys/class/android_usb/android0/enable 2>/dev/null || echo 0,0,USB OTG status for external device connections
2026-02-01 10:54:25,USB SECURITY,USB Accessory Mode,info,info,SAFE,True,getprop sys.usb.configfs 2>/dev/null,1,USB accessory/host mode configuration
2026-02-01 10:54:25,USB SECURITY,Unauthorized ADB Connections,warning,info,SAFE,True,cat /data/misc/adb/adb_keys 2>/dev/null | wc -l,0,Too many authorized ADB keys may indicate unauthorized access
2026-02-01 10:54:25,USB SECURITY,USB Data Signaling Disabled,info,info,SAFE,True,settings get global usb_data_signaling 2>/dev/null,null,USB data signaling control (Android 13+)
2026-02-01 10:54:25,USER & PRIVACY,Screen Lock,critical,critical,CRITICAL,False,dumpsys keyguard | grep 'secure=true',Can't find service: keyguard,Screen lock must be enabled
2026-02-01 10:54:25,USER & PRIVACY,Clipboard Access,safe,info,INFO,False,cmd clipboard get-primary-clip,No shell command implementation.,Check if clipboard has sensitive data
2026-02-01 10:54:25,USER & PRIVACY,Location Services,safe,info,SAFE,True,settings get secure location_mode,3,Mode 3 means high-accuracy enabled
2026-02-01 10:54:25,USER & PRIVACY,Clipboard History,warning,info,SAFE,True,dumpsys clipboard | grep 'Historical',,Clipboard history should be disabled to prevent data leaks
2026-02-01 10:54:25,USER & PRIVACY,Biometric Strength,warning,warning,WARNING,False,dumpsys biometric | grep 'Strength=',,Biometric auth should be 'STRONG' (not 'WEAK')
2026-02-01 10:54:25,USER & PRIVACY,Backup Allowed,warning,warning,WARNING,False,settings get global backup_enabled,null,Auto-backup should be disabled for sensitive apps
2026-02-01 10:54:25,USER & PRIVACY,Fingerprint / Setup Complete,info,info,SAFE,True,settings get secure user_setup_complete,1,Check if device setup is complete
2026-02-01 10:54:26,USER & PRIVACY,Trust Agents Enabled,warning,info,SAFE,True,settings get secure enabled_trust_agents,null,May allow unlock bypass via smart lock
2026-02-01 10:54:26,USER & PRIVACY,Microphone Usage,info,info,INFO,False,dumpsys media.audio_flinger | grep -i active,"mDlbActiveList:
    Stage Name					 StageIndex			 Format			 SampleRate			 FC			 ActiveVolCnt		 CurVol
    Stage Name					 StageIndex			 Format			 SampleRate			 FC			 ActiveVolCnt		 CurVol
    Stage Name					 StageIndex			 Format			 SampleRate			 FC			 ActiveVolCnt		 CurVol
    Stage Name					 StageIndex			 Format			 SampleRate			 FC			 ActiveVolCnt		 CurVol
    Stage Name					 StageIndex			 Format			 SampleRate			 FC			 ActiveVolCnt		 CurVol
    Stage Name					 StageIndex			 Format			 SampleRate			 FC			 ActiveVolCnt		 CurVol
    Stage Name					 StageIndex			 Format			 SampleRate			 FC			 ActiveVolCnt		 CurVol
    Stage Name					 StageIndex			 Format			 SampleRate			 FC			 ActiveVolCnt		 CurVol
    Stage Name					 StageIndex			 Format			 SampleRate			 FC			 ActiveVolCnt		 CurVol
    Stage Name					 StageIndex			 Format			 SampleRate			 FC			 ActiveVolCnt		 CurVol
    Stage Name					 StageIndex			 Format			 SampleRate			 FC			 ActiveVolCnt		 CurVol
    Stage Name					 StageIndex			 Format			 SampleRate			 FC			 ActiveVolCnt		 CurVol
    Stage Name					 StageIndex			 Format			 SampleRate			 FC			 ActiveVolCnt		 CurVol
    Stage Name					 StageIndex			 Format			 SampleRate			 FC			 ActiveVolCnt		 CurVol
    Stage Name					 StageIndex			 Format			 SampleRate			 FC			 ActiveVolCnt		 CurVol
    Stage Name					 StageIndex			 Format			 SampleRate			 FC			 ActiveVolCnt		 CurVol
    Stage Name					 StageIndex			 Format			 SampleRate			 FC			 ActiveVolCnt		 CurVol
  Fast tracks: sMaxFastTracks=8 activeMask=0x1
  Index Active Full Partial Empty  Recent Ready    Written",Detects open microphones
2026-02-01 10:54:26,USER & PRIVACY,Camera Usage,info,info,INFO,False,dumpsys media.camera | grep -i client,"Active Camera Clients:
  02-01 00:54:36 : DISCONNECT device 0 client for package com.sec.android.app.camerasaver (PID 12582)
  02-01 00:54:35 : CONNECT device 0 client for package com.sec.android.app.camerasaver (PID 12582, priority 500)
  Device 0 is closed, no client instance
  Device 1 is closed, no client instance
  Device 21 is closed, no client instance
  Device 52 is closed, no client instance
  Device 53 is closed, no client instance
    0x8015004c (cameraClient) with type 1 (int32) defined in section samsung.android.control
  02-01 00:54:36 : Device 0 is open. Client instance dump:
    Client priority score: 500 state: 10
    Client PID: 12582
    Client package: com.sec.android.app.camerasaver
  CameraDeviceClient[0] (0xb4000072eb0177a0) dump:
    Current client UID 1000",Detects active camera clients
2026-02-01 10:54:26,USER & PRIVACY,Sensors in Use,info,info,INFO,False,dumpsys sensorservice | grep 'active' | grep -v '0',8 active connections,Shows currently used sensors
2026-02-01 10:54:26,USER & PRIVACY,Network Telemetry,safe,info,INFO,False,settings get global usage_reporting_enabled,null,Should be disabled unless required
2026-02-01 10:54:26,VOICE ASSISTANT,Voice Match/OK Google,info,info,SAFE,True,settings get secure voice_interaction_service,com.google.android.googlequicksearchbox/com.google.android.voiceinteraction.GsaVoiceInteractionService,Voice assistant service configuration
2026-02-01 10:54:26,VOICE ASSISTANT,Always-On Listening (Hotword),warning,info,SAFE,True,dumpsys voiceinteraction 2>/dev/null | grep -i 'hotword\|always.on' | head -1,,Always-on voice listening is a privacy concern
2026-02-01 10:54:26,VOICE ASSISTANT,Voice Unlock Enabled,critical,info,SAFE,True,settings get secure lock_screen_allow_voice_unlock 2>/dev/null,null,Voice unlock is less secure than PIN/fingerprint
2026-02-01 10:54:26,VOICE ASSISTANT,Assistant on Lock Screen,warning,info,SAFE,True,settings get secure assistant_on_lock_screen 2>/dev/null,null,Assistant on lock screen can leak information
2026-02-01 10:54:26,VOICE ASSISTANT,Voice Recording History,info,info,SAFE,True,settings get secure assist_screenshot_enabled 2>/dev/null,null,Assistant screenshot capture for context
2026-02-01 10:54:26,WIFI EXTENDED,WiFi Direct Enabled,warning,info,SAFE,True,settings get global wifi_p2p_device_name 2>/dev/null,null,WiFi Direct can expose device to nearby attacks
2026-02-01 10:54:27,WIFI EXTENDED,Mobile Hotspot Active,warning,info,SAFE,True,dumpsys wifi 2>/dev/null | grep -i 'SoftAP.*enabled',,Mobile hotspot creates attack surface
2026-02-01 10:54:27,WIFI EXTENDED,Hotspot SSID Broadcast,info,info,SAFE,True,settings get global tether_wifi_ssid 2>/dev/null,null,Hotspot SSID configuration
2026-02-01 10:54:27,WIFI EXTENDED,Saved Networks Count,info,info,SAFE,True,wpa_cli list_networks 2>/dev/null | tail -n +2 | wc -l || dumpsys wifi 2>/dev/null | grep 'ConfigKey' | wc -l,0,Number of saved WiFi networks
2026-02-01 10:54:27,WIFI EXTENDED,Open Networks Saved,warning,warning,WARNING,False,dumpsys wifi 2>/dev/null | grep -E 'KeyMgmt.*NONE' | wc -l,9,Open (unencrypted) networks saved
2026-02-01 10:54:27,WIFI EXTENDED,WiFi Scanning Always Available,warning,warning,WARNING,False,settings get global wifi_scan_always_enabled,1,Background WiFi scanning for location
2026-02-01 10:54:27,WIFI EXTENDED,Miracast/Screen Cast,info,info,SAFE,True,settings get global wifi_display_on 2>/dev/null,0,Wireless display broadcasting status
2026-02-01 10:54:27,WIFI EXTENDED,WiFi MAC Randomization,warning,warning,WARNING,False,settings get global wifi_connected_mac_randomization_enabled 2>/dev/null,null,WiFi MAC randomization prevents tracking
